,index,image_size,image_Height,image_Width,image_Format,image_mode,image_Animated,image_Frames
0,00b2add164cb42440a52064e390ea3d2.jpg,"(1280, 850)",850,1280,JPEG,RGB,False,1
1,00b627cb5578bb036edb01cdcf7b56d9.jpg,"(1300, 867)",867,1300,JPEG,RGB,False,1
2,00d4b7ea93ca1417393007c61c519f88.jpg,"(1200, 675)",675,1200,JPEG,RGB,False,1
3,00db76f676528477c66c93c7d24d7524.jpg,"(1280, 857)",857,1280,JPEG,RGB,False,1
4,02ad97f03c7abed5eb68b21d3be45113.jpg,"(1280, 856)",856,1280,JPEG,RGB,False,1
5,02cf490c16553169edf7a31d27cea041.jpg,"(1000, 650)",650,1000,JPEG,RGB,False,1
6,03bee5224965f2d87bd397b7ddd50875.jpg,"(728, 455)",455,728,JPEG,RGB,False,1
7,03c9ba9a9d35977dee2c6841f948296c.jpg,"(2000, 1365)",1365,2000,JPEG,RGB,False,1
8,04a2a2d48715c90cb68ad1f7ae787777.jpg,"(1400, 932)",932,1400,JPEG,RGB,False,1
9,04c12d695c46dc285c6e3f40973d30ac.jpg,"(1400, 933)",933,1400,JPEG,RGB,False,1
10,04ddc7aba0a295470bcb7016b96ebac1.jpg,"(1200, 800)",800,1200,JPEG,RGB,False,1
11,05e5173a5f1c4b63416c69ac5876b0f5.jpg,"(1600, 906)",906,1600,JPEG,RGB,False,1
12,05f1f551c874aca4ea2769cc0d99d288.jpg,"(1275, 1024)",1024,1275,JPEG,RGB,False,1
13,07baa6df06ca535cfa03b55ec741554d.jpg,"(2048, 1536)",1536,2048,JPEG,RGB,False,1
14,07bdf6633833fcd4a7bf1390297aac02.jpg,"(1024, 683)",683,1024,JPEG,RGB,False,1
15,07d8d33f52856ceb259375af6a23fea2.jpg,"(700, 467)",467,700,JPEG,RGB,False,1
16,0ab5313b67a25e5dd1d759a655c4ac46.jpg,"(1600, 1044)",1044,1600,JPEG,RGB,False,1
17,0aecb4dc933e6b51403f774890da6c1e.jpg,"(1630, 1202)",1202,1630,JPEG,RGB,False,1
18,0aedfb73a3940401cefedb1e1f42fe8c.jpg,"(1300, 868)",868,1300,JPEG,RGB,False,1
19,0af3a80affb05a409c3348a3f3c4986e.jpg,"(1332, 850)",850,1332,JPEG,RGB,False,1
20,0b80bcfce852e6cb449f3c4923dde0a2.jpg,"(1920, 803)",803,1920,JPEG,RGB,False,1
21,0b8b0ab7f2446360d6ae632a2bdef033.jpg,"(3344, 1989)",1989,3344,JPEG,RGB,False,1
22,0ba78273ea691112c50c93b54bbbabe7.jpg,"(600, 400)",400,600,JPEG,RGB,False,1
23,0c00435379522dc928e9e33d161c86aa.jpg,"(2464, 1632)",1632,2464,JPEG,RGB,False,1
24,0c1f9a40df584f13cf3b71dcb0968ec2.jpg,"(1024, 757)",757,1024,JPEG,RGB,False,1
25,0c32de06765162740bb2251460204ac6.jpg,"(1280, 673)",673,1280,JPEG,RGB,False,1
26,0c642835bc7fedf7989a1ad1a37227c7.jpg,"(3458, 2183)",2183,3458,JPEG,RGB,False,1
27,0c6ec99b5e50be3940e1780f69d3f39b.jpg,"(1920, 1046)",1046,1920,JPEG,RGB,False,1
28,0cd99a9ee135c7618006540f5b6d9b1b.jpg,"(1079, 1600)",1600,1079,JPEG,RGB,False,1
29,0d4967170de7d1780f7d152da11cd732.jpg,"(1595, 659)",659,1595,JPEG,RGB,False,1
30,0d6dd1e0dc08583b1726ae3c667fc917.jpg,"(2818, 1895)",1895,2818,JPEG,RGB,False,1
31,0d77c2ad00bcbe06181a893b0b2f82c8.jpg,"(960, 654)",654,960,JPEG,RGB,False,1
32,0d8a65169ddb019232c63587d3cc6ad9.jpg,"(2100, 1500)",1500,2100,JPEG,RGB,False,1
33,0d8d85fb69e5e12eeed56ece0408e1d2.jpg,"(1200, 897)",897,1200,JPEG,RGB,False,1
34,0da9d07f26405828067613bc74fb70a3.jpg,"(1024, 672)",672,1024,JPEG,RGB,False,1
35,0dc3f3e32533d1909ec496e32a3f916c.jpg,"(512, 303)",303,512,JPEG,RGB,False,1
36,0dce6f682b42122f9acd94206b280637.jpg,"(640, 640)",640,640,JPEG,RGB,False,1
37,0e5c0f6d779768a0380765a04b938f7a.jpg,"(1080, 1920)",1920,1080,JPEG,RGB,False,1
38,0e630fae1bc0854d2ef68691ec28a016.jpg,"(2000, 1418)",1418,2000,JPEG,RGB,False,1
39,0e927d631150f82d8a2c45f39bc9923d.jpg,"(1023, 795)",795,1023,JPEG,RGB,False,1
40,0eb1980e3046cbad443a909d1ce87866.jpg,"(2000, 1600)",1600,2000,JPEG,RGB,False,1
41,0eb3abfc603883ab7383a9bca6a59ef5.jpg,"(1024, 813)",813,1024,JPEG,RGB,False,1
42,0eb99302e4901c916ea96c07d2c6bbe9.jpg,"(1024, 683)",683,1024,JPEG,RGB,False,1
43,0ee42f7fed0873f4d316c10429725628.jpg,"(1280, 692)",692,1280,JPEG,RGB,False,1
44,0ee6a43e1923fb14ef405e84ef02b3b2.jpg,"(1170, 773)",773,1170,JPEG,RGB,False,1
45,0f141c6ea743af33456e2d61d081e98e.jpg,"(1024, 684)",684,1024,JPEG,RGB,False,1
46,0f8b4ba75a5728e792a816ac06ae149b.jpg,"(900, 675)",675,900,JPEG,RGB,False,1
47,1a08e624168ef3a5ae766b8c4995a3b4.jpg,"(1200, 641)",641,1200,JPEG,RGB,False,1
48,1a6c746f6f852a70f0b8b719aa281932.jpg,"(1920, 1080)",1080,1920,JPEG,RGB,False,1
49,1a971dbb6469b4de96d812f4909254d9.jpg,"(1200, 800)",800,1200,JPEG,RGB,False,1
50,1b347d5d728eb364fe1eb74653079b83.jpg,"(681, 1024)",1024,681,JPEG,RGB,False,1
51,1b35a28ac28fbde85981652ea308beab.jpg,"(1153, 769)",769,1153,JPEG,RGB,False,1
52,1b651671a5ee1adf39555baff7cde157.jpg,"(800, 450)",450,800,JPEG,RGB,False,1
53,1c130096bbfa001a0902aa20eb533cae.jpg,"(1280, 914)",914,1280,JPEG,RGB,False,1
54,1c75f15160ff77289b4e6e80f1307a91.jpg,"(1449, 960)",960,1449,JPEG,RGB,False,1
55,1ced8a5e5cdd2d415e3a9a56839c0d61.jpg,"(1024, 681)",681,1024,JPEG,RGB,False,1
56,1d2091e5f8ce828e9dc99179dae41c40.jpg,"(1000, 626)",626,1000,JPEG,RGB,False,1
57,1d2d00759ea36018fa4ad79b4e184954.jpg,"(1080, 720)",720,1080,JPEG,RGB,False,1
58,1d2d1553d5495dfeabfef734cce71a29.jpg,"(1280, 894)",894,1280,JPEG,RGB,False,1
59,1dce5608832c37533dcc796ce8ebe7a5.jpg,"(1300, 864)",864,1300,JPEG,RGB,False,1
60,1dd7bb54532e86ff95910cf440265968.jpg,"(1280, 720)",720,1280,JPEG,RGB,False,1
61,1ddad7bc540518b2cbbd603fe05a3588.jpg,"(1200, 800)",800,1200,JPEG,RGB,False,1
62,1deecbebb637c7cfcb1ed6ef993243c1.jpg,"(1500, 969)",969,1500,JPEG,RGB,False,1
63,1e0680e420c1642bdb62c3a3c0117e69.jpg,"(1200, 761)",761,1200,JPEG,RGB,False,1
64,1e3077bb4b6676ce6a8bbd9555d5b6bb.jpg,"(1080, 718)",718,1080,JPEG,RGB,False,1
65,1e3b02b9da0a0d0c4d7bcfbfd7633b1e.jpg,"(750, 504)",504,750,JPEG,RGB,False,1
66,1e7e2630babbc00f3f4aef9de99d61d5.jpg,"(1031, 1200)",1200,1031,JPEG,RGB,False,1
67,1e802e79331a4a1f124e8d796f3a465d.jpg,"(1600, 900)",900,1600,JPEG,RGB,False,1
68,1e8b43deca87d25180aba67557735c01.jpg,"(1200, 771)",771,1200,JPEG,RGB,False,1
69,1eee97df39374d850a6f15f988ae2aae.jpg,"(1154, 925)",925,1154,JPEG,RGB,False,1
70,1f6fbcfa7ecf5f243c7dc8c05d673548.jpg,"(700, 495)",495,700,JPEG,RGB,False,1
71,1f9727eef57354cd49467ee9684675b1.jpg,"(1600, 1063)",1063,1600,JPEG,RGB,False,1
72,1fae08facbfc03f94b77af126089acdc.jpg,"(1200, 800)",800,1200,JPEG,RGB,False,1
73,1ff72c66bff0bc173483ba34e3fc906e.jpg,"(1200, 675)",675,1200,JPEG,RGB,False,1
74,2a735ee961ce7fabe6c6217f3a3ef53b.jpg,"(1280, 853)",853,1280,JPEG,RGB,False,1
75,2af6023b7e01081e0cc60bf41aa673e8.jpg,"(1000, 541)",541,1000,JPEG,RGB,False,1
76,2b80e26d24d077d2877caf97756db72d.jpg,"(1464, 858)",858,1464,JPEG,RGB,False,1
77,2bb022ad1bd42421bba8b9057cc7cff0.jpg,"(1280, 853)",853,1280,JPEG,RGB,False,1
78,2bb49ec29db01739c55bd5aad7e61695.jpg,"(1280, 828)",828,1280,JPEG,RGB,False,1
79,2c89bffc82d08bfe6ca503627d82aea3.jpg,"(1280, 752)",752,1280,JPEG,RGB,False,1
80,2cc2da26e5c852e86339633fdffccbba.jpg,"(1600, 1596)",1596,1600,JPEG,RGB,False,1
81,2ccefbe84c4263fd15489f7f139bc2fb.jpg,"(1024, 732)",732,1024,JPEG,RGB,False,1
82,2cd212398b52d12e728d21692cfb5869.jpg,"(853, 495)",495,853,JPEG,RGB,False,1
83,2ce8b40831f21210b2d7562070a0d204.jpg,"(1800, 1370)",1370,1800,JPEG,RGB,False,1
84,2cf1ec46ef1a6534a784b25ce1d07978.jpg,"(512, 341)",341,512,JPEG,RGB,False,1
85,2d3a6205a64cc432926fdf1de3a49958.jpg,"(1280, 831)",831,1280,JPEG,RGB,False,1
86,2d3bba8cdbe45313142b5470afe6a95c.jpg,"(1280, 853)",853,1280,JPEG,RGB,False,1
87,2d5e866745160e5e68a06ec337821630.jpg,"(1280, 834)",834,1280,JPEG,RGB,False,1
88,2d655d58ae5fe16cc6d7e01f753f46df.jpg,"(1280, 914)",914,1280,JPEG,RGB,False,1
89,2da095225e659e1a57b8d3c4032001db.jpg,"(1365, 2047)",2047,1365,JPEG,RGB,False,1
90,2da0e7489c76abedab9610bda2e775b6.jpg,"(1936, 1040)",1040,1936,JPEG,RGB,False,1
91,2dc3b57d2efbb91112fe6dc5072a8cda.jpg,"(1280, 869)",869,1280,JPEG,RGB,False,1
92,2dc47416b142bcd4b709011e80ece4eb.jpg,"(2000, 1240)",1240,2000,JPEG,RGB,False,1
93,2e1ac710d9e294079b9b7a3d87697b52.jpg,"(1280, 853)",853,1280,JPEG,RGB,False,1
94,2e632ea9b3964f9b0c979c79f67b426b.jpg,"(1100, 550)",550,1100,JPEG,RGB,False,1
95,2ebe35e67880d4f9609c9fa07b6f5f9e.jpg,"(590, 369)",369,590,JPEG,RGB,False,1
96,2ed99d6917cc3a481ff316b7f91c17c5.jpg,"(1200, 752)",752,1200,JPEG,RGB,False,1
97,2edcfb45d019867ca329bda687b47d60.jpg,"(1280, 863)",863,1280,JPEG,RGB,False,1
98,2f5d827981efcee4223fcffefc4638f4.jpg,"(1280, 886)",886,1280,JPEG,RGB,False,1
99,2fa5676b266a03cf6f5db52f1c6fb01f.jpg,"(1280, 853)",853,1280,JPEG,RGB,False,1
100,2facce0cb214667e67f9f742682df922.jpg,"(436, 600)",600,436,JPEG,RGB,False,1
101,2fc7212be0569ec75dc44efd42fa8e55.jpg,"(735, 413)",413,735,JPEG,RGB,False,1
102,2fdd4a6995e677035e94c4b99fb60d84.jpg,"(1024, 683)",683,1024,JPEG,RGB,False,1
103,3aa11c231f9c6f8867f9bb296a205857.jpg,"(3873, 2927)",2927,3873,JPEG,RGB,False,1
104,3ac43bcf91a898e3c87659506ff80728.jpg,"(1280, 854)",854,1280,JPEG,RGB,False,1
105,3ad292ede25676eb7732d3784ba736d2.jpg,"(1280, 853)",853,1280,JPEG,RGB,False,1
106,3b0c9e865b28841c4b82850923cbbf2f.jpg,"(1782, 1119)",1119,1782,JPEG,RGB,False,1
107,3b1c46c9720655a31ed80041d32731e4.jpg,"(1080, 718)",718,1080,JPEG,RGB,False,1
108,3b8c80b6307a276314be38d52af5a834.jpg,"(2000, 1333)",1333,2000,JPEG,RGB,False,1
109,3b8c81155b8c537d88d2275dd4dae803.jpg,"(1870, 1227)",1227,1870,JPEG,RGB,False,1
110,3b9882c439ae0a2592b3ebe044dd44df.jpg,"(1000, 714)",714,1000,JPEG,RGB,False,1
111,3ba2b6dfe8303113ed2921e0e4b6122e.jpg,"(1100, 825)",825,1100,JPEG,RGB,False,1
112,3c070eb7bfe5825160b9ade0b7effdab.jpg,"(1024, 731)",731,1024,JPEG,RGB,False,1
113,3c4821d5fce6d25134224fb85e04060d.jpg,"(1200, 960)",960,1200,JPEG,RGB,False,1
114,3c9af6969cbef2e73ae37e4594ee56af.jpg,"(1200, 857)",857,1200,JPEG,RGB,False,1
115,3d891bbda534d547810ebe91cbd89349.jpg,"(1200, 1825)",1825,1200,JPEG,RGB,False,1
116,3dbf1cd0fcb0fdac62530779fffb8124.jpg,"(1280, 720)",720,1280,JPEG,RGB,False,1
117,3dc66b0064f252b1f101a292d782e73a.jpg,"(1000, 667)",667,1000,JPEG,RGB,False,1
118,3f4a42711e92f55dd2b23b9da5921c3b.jpg,"(1200, 848)",848,1200,JPEG,RGB,False,1
119,3f530d459da4505557bd82ae02a8a467.jpg,"(1100, 619)",619,1100,JPEG,RGB,False,1
120,4a042db1cef213a1ed865422e6355f76.jpg,"(1600, 1043)",1043,1600,JPEG,RGB,False,1
121,4a06250919ddab8ac0b11916dc6c7203.jpg,"(1280, 746)",746,1280,JPEG,RGB,False,1
122,4a1050ad530398e01f287e0b685161aa.jpg,"(1728, 1152)",1152,1728,JPEG,RGB,False,1
123,4a43f129e94b9484657ee69d1aaa06d2.jpg,"(1170, 778)",778,1170,JPEG,RGB,False,1
124,4a4fa7aa436cf2bc91e973d7e42ea41f.jpg,"(1536, 1024)",1024,1536,JPEG,RGB,False,1
125,4a53181877e2374904c7f2ca4f74c772.jpg,"(1602, 942)",942,1602,JPEG,RGB,False,1
126,4a5bf6add06038b88de33b4a14075501.jpg,"(1024, 1540)",1540,1024,JPEG,RGB,False,1
127,4aa7154b5b084e342488710e3825f9d5.jpg,"(1600, 1278)",1278,1600,JPEG,RGB,False,1
128,4ad4105c9036fa341a056bae996c9627.jpg,"(1600, 1016)",1016,1600,JPEG,RGB,False,1
129,4afc9ee1f0c85cf6e8b61ea807170c9d.jpg,"(3720, 1896)",1896,3720,JPEG,RGB,False,1
130,4b37bd8653328677625e88ede647ea65.jpg,"(1280, 853)",853,1280,JPEG,RGB,False,1
131,4b4986f01e7c6827c31e97c66e2d20c5.jpg,"(620, 387)",387,620,JPEG,RGB,False,1
132,4b91874dddf9f1cd523e1d7a606f5df3.jpg,"(1200, 800)",800,1200,JPEG,RGB,False,1
133,4ba21b0ae2dd1530fe49973b973250a9.jpg,"(1280, 853)",853,1280,JPEG,RGB,False,1
134,4bb714b3b767f38f04a20be009ed1bd9.jpg,"(1200, 713)",713,1200,JPEG,RGB,False,1
135,4c43e479fd3c2d023d3991bd39f84948.jpg,"(2048, 1323)",1323,2048,JPEG,RGB,False,1
136,4c4a9626fea6f02ae260c2300e87d83e.jpg,"(880, 1325)",1325,880,JPEG,RGB,False,1
137,4d59aac64765165e99133b4e1d0f717b.jpg,"(600, 400)",400,600,JPEG,RGB,False,1
138,4d75a39aa916b5a464b05339d8832f0c.jpg,"(2510, 1673)",1673,2510,JPEG,RGB,False,1
139,4db278f759be6d4b47a62475a65c673c.jpg,"(1200, 800)",800,1200,JPEG,RGB,False,1
140,4e3e5d48217582a562b00b17e9cc7267.jpg,"(2560, 1701)",1701,2560,JPEG,RGB,False,1
141,4e4a38436cc0a85a647344eaec5b0363.jpg,"(2614, 1745)",1745,2614,JPEG,RGB,False,1
142,4ef3fc177420d40c4a714f74fc370d41.jpg,"(2048, 1365)",1365,2048,JPEG,RGB,False,1
143,4f8856efdac4e5daacde79ded38d300b.jpg,"(1920, 1080)",1080,1920,JPEG,RGB,False,1
144,4f8977b25adc45f4110cd60c557388ba.jpg,"(1600, 1065)",1065,1600,JPEG,RGB,False,1
145,4f8ddac99fb02a69ec9064e39b0c45e3.jpg,"(1280, 842)",842,1280,JPEG,RGB,False,1
146,4fb6aaecd86ccf9ecc12bffef82c8da6.jpg,"(800, 1053)",1053,800,JPEG,RGB,False,1
147,5a2e984b5b87e4c93c4df96bfe308d38.jpg,"(1280, 853)",853,1280,JPEG,RGB,False,1
148,5a57dcdc3c5ad5756f0526ff9e1286ef.jpg,"(1280, 853)",853,1280,JPEG,RGB,False,1
149,5a5f04909840936757fde2b4979ee0ae.jpg,"(1280, 850)",850,1280,JPEG,RGB,False,1
150,5a9f18423f7064a7766f2131b17cca0f.jpg,"(1838, 1033)",1033,1838,JPEG,RGB,False,1
151,5b855ba45e0d604eec53be267ea8c57c.jpg,"(1000, 666)",666,1000,JPEG,RGB,False,1
152,5c1938e1ad4d3d26bbf6c0c286bf2d8e.jpg,"(1280, 853)",853,1280,JPEG,RGB,False,1
153,5c21b549fdbb99f259bf8480d7e3dbd4.jpg,"(2815, 1845)",1845,2815,JPEG,RGB,False,1
154,5c23a9286d94e74f52c2d743a1f3e0ed.jpg,"(1200, 630)",630,1200,JPEG,RGB,False,1
155,5c83c5da054722b9e0056ac5fab2f200.jpg,"(1280, 828)",828,1280,JPEG,RGB,False,1
156,5ca1228b5f23eae9167d5bd428e0af38.jpg,"(1280, 720)",720,1280,JPEG,RGB,False,1
157,5cd03bd76aa3dcd8867c96dfc5c1364d.jpg,"(1280, 720)",720,1280,JPEG,RGB,False,1
158,5cf85a81997be199ffa04e55938bdfcf.jpg,"(1280, 854)",854,1280,JPEG,RGB,False,1
159,5d07a315634ef78f766178e481cf0f7d.jpg,"(2100, 1397)",1397,2100,JPEG,RGB,False,1
160,5d851fd794ad240c210ceca95f054eff.jpg,"(1280, 790)",790,1280,JPEG,RGB,False,1
161,5db93ebf2fa4ad964b701dbc670c340e.jpg,"(819, 1024)",1024,819,JPEG,RGB,False,1
162,5e4dd8fed5f4ac0e0f85b55e8352f65e.jpg,"(1300, 731)",731,1300,JPEG,RGB,False,1
163,5ebcc2319ec414da3266033d97bec31f.jpg,"(1240, 698)",698,1240,JPEG,RGB,False,1
164,5ed8dd35ea5346ac1dc70a726411cd04.jpg,"(3508, 2339)",2339,3508,JPEG,RGB,False,1
165,5f08f63b16372a90aa2d9a2fdd387293.jpg,"(1280, 853)",853,1280,JPEG,RGB,False,1
166,5f62ad489fb8885653a047d33dc7b4f8.jpg,"(1400, 2149)",2149,1400,JPEG,RGB,False,1
167,5fcbd1675efbdfc2245d2c9a2ad94372.jpg,"(1600, 693)",693,1600,JPEG,RGB,False,1
168,6ab2a802b87934018935a4388aa9176b.jpg,"(1305, 831)",831,1305,JPEG,RGB,False,1
169,6b40472ce949b4e8288ea03ab0b412a7.jpg,"(1152, 768)",768,1152,JPEG,RGB,False,1
170,6b7bb494c4422384b0d59c8a015892e2.jpg,"(840, 600)",600,840,JPEG,RGB,False,1
171,6b883dd66b77ac2aa855c9109324b452.jpg,"(1280, 731)",731,1280,JPEG,RGB,False,1
172,6b94c87cd6b8c9ff40529899c4f77ea1.jpg,"(1280, 603)",603,1280,JPEG,RGB,False,1
173,6b9d1b690c8a8a1c1bff9a9347087cfa.jpg,"(2048, 1365)",1365,2048,JPEG,RGB,False,1
174,6bd3934ab1c228c3079fe8a9113d53c3.jpg,"(1024, 682)",682,1024,JPEG,RGB,False,1
175,6bda967269bc88de568e0720604d6229.jpg,"(1841, 1227)",1227,1841,JPEG,RGB,False,1
176,6c279779912dfd7df84d2289556af3b0.jpg,"(1080, 1076)",1076,1080,JPEG,RGB,False,1
177,6c32f67e9acbe62cdd1d0bc9e71339a6.jpg,"(1200, 675)",675,1200,JPEG,RGB,False,1
178,6cd3a990f8c08cafbf817a163ce67bf9.jpg,"(1280, 750)",750,1280,JPEG,RGB,False,1
179,6d1da5fe58e81490106722c7dc9a52bf.jpg,"(960, 640)",640,960,JPEG,RGB,False,1
180,6d57b15fe273353628147026b8b4748f.jpg,"(1200, 800)",800,1200,JPEG,RGB,False,1
181,6d83ad80f22c7243765b549e2d10cd57.jpg,"(1024, 768)",768,1024,JPEG,RGB,False,1
182,6d88eb0c5cc1339769bfb738e5608b13.jpg,"(2048, 1365)",1365,2048,JPEG,RGB,False,1
183,6db1f1cfba7f4b7dad25cfc1ab097ebc.jpg,"(1280, 740)",740,1280,JPEG,RGB,False,1
184,6deb66e8ed470f381c667d5314132108.jpg,"(830, 409)",409,830,WEBP,RGB,False,1
185,6e0dbdfcbcb8408e33ac22c78ccc6ef6.jpg,"(1024, 682)",682,1024,JPEG,RGB,False,1
186,6e5245284553f4fd836fe41c0090365d.jpg,"(1280, 857)",857,1280,JPEG,RGB,False,1
187,6eb1a564eb5f80aab15cf592dcc3863f.jpg,"(2000, 1125)",1125,2000,JPEG,RGB,False,1
188,6fc5d87c71d9e35468e700c7ef776edc.jpg,"(1600, 1156)",1156,1600,JPEG,RGB,False,1
189,6ff7106cbfb4727e492382b92fc0d9f4.jpg,"(2495, 1645)",1645,2495,JPEG,RGB,False,1
190,7a050e1bf398f5a56b99108ffe7d5106.jpg,"(650, 975)",975,650,JPEG,RGB,False,1
191,7a1054ee4e1158ad3bb2d2d7b1308cc6.jpg,"(2100, 1378)",1378,2100,JPEG,RGB,False,1
192,7a190a0068c99c337eeb71863b1ec297.jpg,"(2100, 1395)",1395,2100,JPEG,RGB,False,1
193,7a35e709361c3d1fe0f650f5fd31a8c7.jpg,"(1280, 853)",853,1280,JPEG,RGB,False,1
194,7a3ba2561b132070c339daf3799ae398.jpg,"(1280, 996)",996,1280,JPEG,RGB,False,1
195,7a60301531995a3006e6bbbde3e5dd70.jpg,"(700, 723)",723,700,JPEG,RGB,False,1
196,7aabb72565dae3f2544267ee1ce3f1b4.jpg,"(564, 564)",564,564,JPEG,RGB,False,1
197,7ac2b5810f1ffa066cd14e0884bc220f.jpg,"(1200, 800)",800,1200,JPEG,RGB,False,1
198,7ac93bec1fe5b334a6f6e71479a7ba3b.jpg,"(1400, 933)",933,1400,JPEG,RGB,False,1
199,7b7f5383c43ce02594bed3844dd3ad4e.jpg,"(1200, 674)",674,1200,JPEG,RGB,False,1
